Sample,Time(S),CH1(V),CH2(V)
0,-0.00798,-0.0668149,-0.0334074
1,-0.00797,0.0334074,0.0501112
2,-0.00796,0.0668149,0.116926
3,-0.00795,0.13363,0.183741
4,-0.00794,0.200445,0.217148
5,-0.00793,0.26726,0.300667
6,-0.00792,0.317371,0.350778
7,-0.00791,0.367482,0.417593
8,-0.0079,0.417593,0.467704
9,-0.00789,0.484408,0.534519
10,-0.00788,0.551223,0.58463
11,-0.00787,0.58463,0.618038
12,-0.00786,0.634741,0.668149
13,-0.00785,0.668149,0.701556
14,-0.00784,0.71826,0.751667
15,-0.00783,0.751667,0.785075
16,-0.00782,0.785075,0.818482
17,-0.00781,0.818482,0.868594
18,-0.0078,0.835186,0.868594
19,-0.00779,0.868594,0.902001
20,-0.00778,0.885297,0.918705
21,-0.00777,0.885297,0.935408
22,-0.00776,0.918705,0.952112
23,-0.00775,0.918705,0.952112
24,-0.00774,0.918705,0.952112
25,-0.00773,0.918705,0.952112
26,-0.00772,0.918705,0.952112
27,-0.00771,0.918705,0.952112
28,-0.0077,0.902001,0.935408
29,-0.00769,0.885297,0.902001
30,-0.00768,0.868594,0.918705
31,-0.00767,0.85189,0.885297
32,-0.00766,0.818482,0.85189
33,-0.00765,0.785075,0.818482
34,-0.00764,0.751667,0.818482
35,-0.00763,0.71826,0.785075
36,-0.00762,0.668149,0.701556
37,-0.00761,0.634741,0.668149
38,-0.0076,0.601334,0.634741
39,-0.00759,0.567927,0.601334
40,-0.00758,0.484408,0.534519
41,-0.00757,0.434297,0.467704
42,-0.00756,0.367482,0.417593
43,-0.00755,0.334074,0.367482
44,-0.00754,0.283963,0.317371
45,-0.00753,0.217148,0.26726
46,-0.00752,0.150333,0.183741
47,-0.00751,0.0835186,0.13363
48,-0.0075,0.0501112,0.0668149
49,-0.00749,-0.0334074,0
50,-0.00748,-0.100222,-0.0501112
51,-0.00747,-0.167037,-0.116926
52,-0.00746,-0.200445,-0.183741
53,-0.00745,-0.283963,-0.217148
54,-0.00744,-0.350778,-0.300667
55,-0.00743,-0.384186,-0.367482
56,-0.00742,-0.451,-0.417593
57,-0.00741,-0.534519,-0.451
58,-0.0074,-0.58463,-0.534519
59,-0.00739,-0.618038,-0.58463
60,-0.00738,-0.668149,-0.651445
61,-0.00737,-0.751667,-0.684853
62,-0.00736,-0.768371,-0.71826
63,-0.00735,-0.835186,-0.801779
64,-0.00734,-0.85189,-0.801779
65,-0.00733,-0.885297,-0.835186
66,-0.00732,-0.935408,-0.868594
67,-0.00731,-0.935408,-0.902001
68,-0.0073,-1.00222,-0.935408
69,-0.00729,-1.00222,-0.968816
70,-0.00728,-1.03563,-0.968816
71,-0.00727,-1.05233,-1.01893
72,-0.00726,-1.06904,-1.01893
73,-0.00725,-1.06904,-1.03563
74,-0.00724,-1.06904,-1.03563
75,-0.00723,-1.06904,-1.03563
76,-0.00722,-1.06904,-1.03563
77,-0.00721,-1.05233,-1.01893
78,-0.0072,-1.05233,-1.01893
79,-0.00719,-1.03563,-0.968816
80,-0.00718,-1.00222,-0.952112
81,-0.00717,-1.00222,-0.952112
82,-0.00716,-0.968816,-0.902001
83,-0.00715,-0.918705,-0.902001
84,-0.00714,-0.885297,-0.85189
85,-0.00713,-0.85189,-0.818482
86,-0.00712,-0.818482,-0.785075
87,-0.00711,-0.785075,-0.768371
88,-0.0071,-0.751667,-0.684853
89,-0.00709,-0.701556,-0.651445
90,-0.00708,-0.634741,-0.618038
91,-0.00707,-0.58463,-0.551223
92,-0.00706,-0.551223,-0.484408
93,-0.00705,-0.451,-0.417593
94,-0.00704,-0.417593,-0.384186
95,-0.00703,-0.367482,-0.317371
96,-0.00702,-0.300667,-0.233852
97,-0.00701,-0.233852,-0.200445
98,-0.007,-0.167037,-0.13363
99,-0.00699,-0.100222,-0.0668149
100,-0.00698,-0.0668149,-0.0334074
101,-0.00697,0.0167037,0.0501112
102,-0.00696,0.0835186,0.116926
103,-0.00695,0.150333,0.183741
104,-0.00694,0.200445,0.217148
105,-0.00693,0.250556,0.300667
106,-0.00692,0.317371,0.350778
107,-0.00691,0.367482,0.417593
108,-0.0069,0.417593,0.467704
109,-0.00689,0.484408,0.534519
110,-0.00688,0.534519,0.58463
111,-0.00687,0.601334,0.618038
112,-0.00686,0.618038,0.668149
113,-0.00685,0.684853,0.701556
114,-0.00684,0.71826,0.751667
115,-0.00683,0.751667,0.785075
116,-0.00682,0.785075,0.818482
117,-0.00681,0.818482,0.85189
118,-0.0068,0.835186,0.868594
119,-0.00679,0.868594,0.902001
120,-0.00678,0.885297,0.918705
121,-0.00677,0.885297,0.935408
122,-0.00676,0.918705,0.952112
123,-0.00675,0.918705,0.952112
124,-0.00674,0.918705,0.952112
125,-0.00673,0.918705,0.952112
126,-0.00672,0.918705,0.952112
127,-0.00671,0.918705,0.952112
128,-0.0067,0.902001,0.935408
129,-0.00669,0.885297,0.902001
130,-0.00668,0.868594,0.918705
131,-0.00667,0.835186,0.885297
132,-0.00666,0.835186,0.85189
133,-0.00665,0.785075,0.835186
134,-0.00664,0.751667,0.801779
135,-0.00663,0.734964,0.785075
136,-0.00662,0.668149,0.701556
137,-0.00661,0.634741,0.668149
138,-0.0066,0.601334,0.634741
139,-0.00659,0.551223,0.601334
140,-0.00658,0.501112,0.534519
141,-0.00657,0.434297,0.467704
142,-0.00656,0.384186,0.434297
143,-0.00655,0.317371,0.384186
144,-0.00654,0.283963,0.300667
145,-0.00653,0.217148,0.26726
146,-0.00652,0.150333,0.200445
147,-0.00651,0.100222,0.116926
148,-0.0065,0.0334074,0.0835186
149,-0.00649,-0.0501112,0
150,-0.00648,-0.100222,-0.0668149
151,-0.00647,-0.167037,-0.100222
152,-0.00646,-0.200445,-0.183741
153,-0.00645,-0.300667,-0.217148
154,-0.00644,-0.350778,-0.317371
155,-0.00643,-0.384186,-0.367482
156,-0.00642,-0.451,-0.400889
157,-0.00641,-0.534519,-0.467704
158,-0.0064,-0.58463,-0.534519
159,-0.00639,-0.618038,-0.58463
160,-0.00638,-0.668149,-0.651445
161,-0.00637,-0.751667,-0.684853
162,-0.00636,-0.768371,-0.71826
163,-0.00635,-0.835186,-0.785075
164,-0.00634,-0.85189,-0.818482
165,-0.00633,-0.885297,-0.85189
166,-0.00632,-0.918705,-0.885297
167,-0.00631,-0.968816,-0.902001
168,-0.0063,-1.00222,-0.952112
169,-0.00629,-1.00222,-0.952112
170,-0.00628,-1.01893,-0.968816
171,-0.00627,-1.05233,-1.01893
172,-0.00626,-1.06904,-1.01893
173,-0.00625,-1.06904,-1.03563
174,-0.00624,-1.06904,-1.03563
175,-0.00623,-1.06904,-1.03563
176,-0.00622,-1.06904,-1.03563
177,-0.00621,-1.05233,-1.01893
178,-0.0062,-1.05233,-1.01893
179,-0.00619,-1.03563,-0.968816
180,-0.00618,-1.00222,-0.952112
181,-0.00617,-1.00222,-0.952112
182,-0.00616,-0.968816,-0.902001
183,-0.00615,-0.918705,-0.902001
184,-0.00614,-0.885297,-0.85189
185,-0.00613,-0.85189,-0.818482
186,-0.00612,-0.818482,-0.785075
187,-0.00611,-0.785075,-0.768371
188,-0.0061,-0.751667,-0.684853
189,-0.00609,-0.701556,-0.668149
190,-0.00608,-0.634741,-0.601334
191,-0.00607,-0.601334,-0.551223
192,-0.00606,-0.551223,-0.484408
193,-0.00605,-0.451,-0.417593
194,-0.00604,-0.417593,-0.384186
195,-0.00603,-0.367482,-0.317371
196,-0.00602,-0.300667,-0.26726
197,-0.00601,-0.233852,-0.183741
198,-0.006,-0.167037,-0.116926
199,-0.00599,-0.100222,-0.0835186
200,-0.00598,-0.0668149,-0.0334074
201,-0.00597,0.0334074,0.0501112
202,-0.00596,0.0668149,0.116926
203,-0.00595,0.150333,0.183741
204,-0.00594,0.200445,0.217148
205,-0.00593,0.250556,0.300667
206,-0.00592,0.317371,0.367482
207,-0.00591,0.367482,0.417593
208,-0.0059,0.417593,0.467704
209,-0.00589,0.484408,0.534519
210,-0.00588,0.534519,0.58463
211,-0.00587,0.601334,0.618038
212,-0.00586,0.618038,0.668149
213,-0.00585,0.684853,0.701556
214,-0.00584,0.71826,0.751667
215,-0.00583,0.751667,0.785075
216,-0.00582,0.785075,0.818482
217,-0.00581,0.818482,0.868594
218,-0.0058,0.835186,0.868594
219,-0.00579,0.868594,0.902001
220,-0.00578,0.885297,0.918705
221,-0.00577,0.885297,0.935408
222,-0.00576,0.902001,0.952112
223,-0.00575,0.918705,0.952112
224,-0.00574,0.918705,0.952112
225,-0.00573,0.918705,0.952112
226,-0.00572,0.918705,0.952112
227,-0.00571,0.918705,0.952112
228,-0.0057,0.902001,0.952112
229,-0.00569,0.885297,0.902001
230,-0.00568,0.868594,0.902001
231,-0.00567,0.835186,0.902001
232,-0.00566,0.835186,0.85189
233,-0.00565,0.785075,0.85189
234,-0.00564,0.768371,0.801779
235,-0.00563,0.71826,0.785075
236,-0.00562,0.668149,0.701556
237,-0.00561,0.634741,0.668149
238,-0.0056,0.601334,0.651445
239,-0.00559,0.551223,0.58463
240,-0.00558,0.501112,0.551223
241,-0.00557,0.434297,0.501112
242,-0.00556,0.384186,0.434297
243,-0.00555,0.317371,0.367482
244,-0.00554,0.283963,0.317371
245,-0.00553,0.217148,0.250556
246,-0.00552,0.150333,0.200445
247,-0.00551,0.0835186,0.13363
248,-0.0055,0.0501112,0.0668149
249,-0.00549,-0.0334074,0
250,-0.00548,-0.100222,-0.0668149
251,-0.00547,-0.167037,-0.100222
252,-0.00546,-0.200445,-0.183741
253,-0.00545,-0.283963,-0.217148
254,-0.00544,-0.350778,-0.300667
255,-0.00543,-0.384186,-0.367482
256,-0.00542,-0.451,-0.417593
257,-0.00541,-0.534519,-0.451
258,-0.0054,-0.58463,-0.534519
259,-0.00539,-0.618038,-0.58463
260,-0.00538,-0.668149,-0.651445
261,-0.00537,-0.751667,-0.684853
262,-0.00536,-0.768371,-0.71826
263,-0.00535,-0.835186,-0.785075
264,-0.00534,-0.85189,-0.818482
265,-0.00533,-0.885297,-0.85189
266,-0.00532,-0.935408,-0.885297
267,-0.00531,-0.935408,-0.902001
268,-0.0053,-1.00222,-0.935408
269,-0.00529,-1.00222,-0.968816
270,-0.00528,-1.01893,-0.968816
271,-0.00527,-1.05233,-1.01893
272,-0.00526,-1.05233,-1.01893
273,-0.00525,-1.06904,-1.03563
274,-0.00524,-1.06904,-1.03563
275,-0.00523,-1.06904,-1.03563
276,-0.00522,-1.06904,-1.03563
277,-0.00521,-1.05233,-1.01893
278,-0.0052,-1.05233,-1.01893
279,-0.00519,-1.03563,-0.968816
280,-0.00518,-1.00222,-0.968816
281,-0.00517,-1.00222,-0.935408
282,-0.00516,-0.968816,-0.902001
283,-0.00515,-0.918705,-0.902001
284,-0.00514,-0.885297,-0.85189
285,-0.00513,-0.85189,-0.818482
286,-0.00512,-0.818482,-0.785075
287,-0.00511,-0.785075,-0.768371
288,-0.0051,-0.751667,-0.684853
289,-0.00509,-0.701556,-0.651445
290,-0.00508,-0.634741,-0.618038
291,-0.00507,-0.58463,-0.551223
292,-0.00506,-0.534519,-0.484408
293,-0.00505,-0.451,-0.417593
294,-0.00504,-0.417593,-0.384186
295,-0.00503,-0.350778,-0.317371
296,-0.00502,-0.283963,-0.26726
297,-0.00501,-0.233852,-0.183741
298,-0.005,-0.167037,-0.116926
299,-0.00499,-0.100222,-0.0835186
300,-0.00498,-0.0668149,-0.0334074
301,-0.00497,0.0334074,0.0501112
302,-0.00496,0.0668149,0.116926
303,-0.00495,0.150333,0.183741
304,-0.00494,0.183741,0.217148
305,-0.00493,0.26726,0.300667
306,-0.00492,0.317371,0.350778
307,-0.00491,0.367482,0.417593
308,-0.0049,0.417593,0.451
309,-0.00489,0.484408,0.534519
310,-0.00488,0.534519,0.567927
311,-0.00487,0.601334,0.634741
312,-0.00486,0.618038,0.668149
313,-0.00485,0.684853,0.701556
314,-0.00484,0.71826,0.751667
315,-0.00483,0.751667,0.785075
316,-0.00482,0.785075,0.818482
317,-0.00481,0.818482,0.868594
318,-0.0048,0.835186,0.868594
319,-0.00479,0.868594,0.902001
320,-0.00478,0.885297,0.918705
321,-0.00477,0.885297,0.935408
322,-0.00476,0.902001,0.952112
323,-0.00475,0.918705,0.952112
324,-0.00474,0.918705,0.952112
325,-0.00473,0.918705,0.952112
326,-0.00472,0.918705,0.952112
327,-0.00471,0.918705,0.952112
328,-0.0047,0.902001,0.952112
329,-0.00469,0.885297,0.902001
330,-0.00468,0.868594,0.918705
331,-0.00467,0.835186,0.885297
332,-0.00466,0.835186,0.85189
333,-0.00465,0.785075,0.835186
334,-0.00464,0.768371,0.801779
335,-0.00463,0.734964,0.785075
336,-0.00462,0.668149,0.701556
337,-0.00461,0.634741,0.668149
338,-0.0046,0.601334,0.651445
339,-0.00459,0.551223,0.58463
340,-0.00458,0.517815,0.534519
341,-0.00457,0.417593,0.501112
342,-0.00456,0.384186,0.417593
343,-0.00455,0.317371,0.367482
344,-0.00454,0.283963,0.300667
345,-0.00453,0.200445,0.26726
346,-0.00452,0.13363,0.183741
347,-0.00451,0.100222,0.13363
348,-0.0045,0.0334074,0.0668149
349,-0.00449,-0.0501112,0
350,-0.00448,-0.100222,-0.0668149
351,-0.00447,-0.150333,-0.100222
352,-0.00446,-0.217148,-0.183741
353,-0.00445,-0.283963,-0.217148
354,-0.00444,-0.350778,-0.317371
355,-0.00443,-0.384186,-0.367482
356,-0.00442,-0.451,-0.400889
357,-0.00441,-0.534519,-0.467704
358,-0.0044,-0.58463,-0.551223
359,-0.00439,-0.618038,-0.58463
360,-0.00438,-0.668149,-0.651445
361,-0.00437,-0.751667,-0.684853
362,-0.00436,-0.768371,-0.71826
363,-0.00435,-0.835186,-0.785075
364,-0.00434,-0.85189,-0.818482
365,-0.00433,-0.885297,-0.85189
366,-0.00432,-0.918705,-0.885297
367,-0.00431,-0.968816,-0.902001
368,-0.0043,-1.00222,-0.952112
369,-0.00429,-1.00222,-0.952112
370,-0.00428,-1.01893,-0.968816
371,-0.00427,-1.05233,-1.01893
372,-0.00426,-1.06904,-1.01893
373,-0.00425,-1.06904,-1.03563
374,-0.00424,-1.06904,-1.03563
375,-0.00423,-1.06904,-1.03563
376,-0.00422,-1.06904,-1.03563
377,-0.00421,-1.05233,-1.00222
378,-0.0042,-1.05233,-1.00222
379,-0.00419,-1.03563,-1.00222
380,-0.00418,-1.00222,-0.952112
381,-0.00417,-1.00222,-0.952112
382,-0.00416,-0.968816,-0.902001
383,-0.00415,-0.918705,-0.902001
384,-0.00414,-0.885297,-0.85189
385,-0.00413,-0.85189,-0.818482
386,-0.00412,-0.818482,-0.785075
387,-0.00411,-0.785075,-0.768371
388,-0.0041,-0.751667,-0.684853
389,-0.00409,-0.701556,-0.668149
390,-0.00408,-0.634741,-0.601334
391,-0.00407,-0.58463,-0.551223
392,-0.00406,-0.551223,-0.467704
393,-0.00405,-0.451,-0.434297
394,-0.00404,-0.417593,-0.384186
395,-0.00403,-0.367482,-0.317371
396,-0.00402,-0.283963,-0.233852
397,-0.00401,-0.233852,-0.200445
398,-0.004,-0.167037,-0.116926
399,-0.00399,-0.100222,-0.0835186
400,-0.00398,-0.0668149,-0.0334074
401,-0.00397,0.0334074,0.0501112
402,-0.00396,0.0668149,0.116926
403,-0.00395,0.150333,0.183741
404,-0.00394,0.200445,0.217148
405,-0.00393,0.250556,0.300667
406,-0.00392,0.317371,0.350778
407,-0.00391,0.367482,0.417593
408,-0.0039,0.434297,0.467704
409,-0.00389,0.451,0.534519
410,-0.00388,0.534519,0.567927
411,-0.00387,0.601334,0.634741
412,-0.00386,0.618038,0.668149
413,-0.00385,0.684853,0.701556
414,-0.00384,0.71826,0.751667
415,-0.00383,0.751667,0.785075
416,-0.00382,0.785075,0.818482
417,-0.00381,0.818482,0.868594
418,-0.0038,0.835186,0.868594
419,-0.00379,0.868594,0.902001
420,-0.00378,0.885297,0.918705
421,-0.00377,0.885297,0.918705
422,-0.00376,0.918705,0.952112
423,-0.00375,0.918705,0.952112
424,-0.00374,0.918705,0.952112
425,-0.00373,0.918705,0.952112
426,-0.00372,0.918705,0.952112
427,-0.00371,0.902001,0.952112
428,-0.0037,0.902001,0.935408
429,-0.00369,0.885297,0.902001
430,-0.00368,0.868594,0.902001
431,-0.00367,0.835186,0.902001
432,-0.00366,0.835186,0.85189
433,-0.00365,0.785075,0.835186
434,-0.00364,0.751667,0.801779
435,-0.00363,0.71826,0.785075
436,-0.00362,0.668149,0.701556
437,-0.00361,0.634741,0.668149
438,-0.0036,0.601334,0.651445
439,-0.00359,0.551223,0.58463
440,-0.00358,0.501112,0.534519
441,-0.00357,0.434297,0.467704
442,-0.00356,0.384186,0.434297
443,-0.00355,0.317371,0.367482
444,-0.00354,0.283963,0.300667
445,-0.00353,0.200445,0.26726
446,-0.00352,0.13363,0.183741
447,-0.00351,0.100222,0.13363
448,-0.0035,0.0334074,0.0668149
449,-0.00349,-0.0501112,0
450,-0.00348,-0.100222,-0.0501112
451,-0.00347,-0.167037,-0.116926
452,-0.00346,-0.200445,-0.183741
453,-0.00345,-0.300667,-0.233852
454,-0.00344,-0.350778,-0.317371
455,-0.00343,-0.384186,-0.367482
456,-0.00342,-0.451,-0.400889
457,-0.00341,-0.534519,-0.467704
458,-0.0034,-0.58463,-0.534519
459,-0.00339,-0.634741,-0.58463
460,-0.00338,-0.668149,-0.651445
461,-0.00337,-0.751667,-0.684853
462,-0.00336,-0.768371,-0.71826
463,-0.00335,-0.835186,-0.785075
464,-0.00334,-0.85189,-0.818482
465,-0.00333,-0.885297,-0.85189
466,-0.00332,-0.935408,-0.885297
467,-0.00331,-0.935408,-0.902001
468,-0.0033,-1.00222,-0.935408
469,-0.00329,-1.00222,-0.968816
470,-0.00328,-1.01893,-0.968816
471,-0.00327,-1.05233,-1.01893
472,-0.00326,-1.06904,-1.01893
473,-0.00325,-1.06904,-1.03563
474,-0.00324,-1.06904,-1.03563
475,-0.00323,-1.06904,-1.03563
476,-0.00322,-1.06904,-1.03563
477,-0.00321,-1.05233,-1.00222
478,-0.0032,-1.05233,-1.01893
479,-0.00319,-1.03563,-0.968816
480,-0.00318,-1.00222,-0.968816
481,-0.00317,-1.00222,-0.935408
482,-0.00316,-0.968816,-0.902001
483,-0.00315,-0.918705,-0.902001
484,-0.00314,-0.885297,-0.85189
485,-0.00313,-0.85189,-0.818482
486,-0.00312,-0.818482,-0.785075
487,-0.00311,-0.785075,-0.734964
488,-0.0031,-0.751667,-0.701556
489,-0.00309,-0.701556,-0.668149
490,-0.00308,-0.634741,-0.601334
491,-0.00307,-0.58463,-0.551223
492,-0.00306,-0.534519,-0.484408
493,-0.00305,-0.451,-0.417593
494,-0.00304,-0.417593,-0.384186
495,-0.00303,-0.350778,-0.334074
496,-0.00302,-0.300667,-0.26726
497,-0.00301,-0.233852,-0.200445
498,-0.003,-0.167037,-0.13363
499,-0.00299,-0.100222,-0.0668149
500,-0.00298,-0.0668149,-0.0334074
501,-0.00297,0.0334074,0.0501112
502,-0.00296,0.0668149,0.116926
503,-0.00295,0.13363,0.183741
504,-0.00294,0.200445,0.217148
505,-0.00293,0.250556,0.300667
506,-0.00292,0.317371,0.350778
507,-0.00291,0.367482,0.417593
508,-0.0029,0.417593,0.467704
509,-0.00289,0.484408,0.534519
510,-0.00288,0.534519,0.567927
511,-0.00287,0.601334,0.634741
512,-0.00286,0.634741,0.668149
513,-0.00285,0.668149,0.701556
514,-0.00284,0.71826,0.751667
515,-0.00283,0.751667,0.785075
516,-0.00282,0.785075,0.818482
517,-0.00281,0.818482,0.868594
518,-0.0028,0.835186,0.868594
519,-0.00279,0.868594,0.902001
520,-0.00278,0.885297,0.918705
521,-0.00277,0.885297,0.935408
522,-0.00276,0.902001,0.952112
523,-0.00275,0.918705,0.952112
524,-0.00274,0.918705,0.952112
525,-0.00273,0.918705,0.952112
526,-0.00272,0.918705,0.952112
527,-0.00271,0.918705,0.952112
528,-0.0027,0.902001,0.952112
529,-0.00269,0.885297,0.902001
530,-0.00268,0.868594,0.902001
531,-0.00267,0.85189,0.902001
532,-0.00266,0.818482,0.85189
533,-0.00265,0.785075,0.835186
534,-0.00264,0.751667,0.801779
535,-0.00263,0.71826,0.785075
536,-0.00262,0.668149,0.701556
537,-0.00261,0.634741,0.668149
538,-0.0026,0.601334,0.651445
539,-0.00259,0.551223,0.58463
540,-0.00258,0.501112,0.534519
541,-0.00257,0.434297,0.467704
542,-0.00256,0.384186,0.417593
543,-0.00255,0.334074,0.367482
544,-0.00254,0.283963,0.300667
545,-0.00253,0.217148,0.26726
546,-0.00252,0.150333,0.200445
547,-0.00251,0.0835186,0.13363
548,-0.0025,0.0501112,0.0668149
549,-0.00249,-0.0334074,0
550,-0.00248,-0.100222,-0.0501112
551,-0.00247,-0.150333,-0.116926
552,-0.00246,-0.217148,-0.183741
553,-0.00245,-0.283963,-0.217148
554,-0.00244,-0.350778,-0.300667
555,-0.00243,-0.384186,-0.367482
556,-0.00242,-0.451,-0.400889
557,-0.00241,-0.534519,-0.467704
558,-0.0024,-0.58463,-0.534519
559,-0.00239,-0.618038,-0.58463
560,-0.00238,-0.668149,-0.651445
561,-0.00237,-0.751667,-0.684853
562,-0.00236,-0.768371,-0.71826
563,-0.00235,-0.835186,-0.785075
564,-0.00234,-0.85189,-0.818482
565,-0.00233,-0.885297,-0.85189
566,-0.00232,-0.935408,-0.885297
567,-0.00231,-0.935408,-0.902001
568,-0.0023,-1.00222,-0.952112
569,-0.00229,-1.00222,-0.952112
570,-0.00228,-1.01893,-0.968816
571,-0.00227,-1.05233,-1.01893
572,-0.00226,-1.05233,-1.01893
573,-0.00225,-1.06904,-1.03563
574,-0.00224,-1.06904,-1.03563
575,-0.00223,-1.06904,-1.03563
576,-0.00222,-1.06904,-1.03563
577,-0.00221,-1.05233,-1.01893
578,-0.0022,-1.05233,-1.01893
579,-0.00219,-1.03563,-1.00222
580,-0.00218,-1.01893,-0.952112
581,-0.00217,-0.98552,-0.952112
582,-0.00216,-0.98552,-0.918705
583,-0.00215,-0.918705,-0.885297
584,-0.00214,-0.885297,-0.85189
585,-0.00213,-0.85189,-0.818482
586,-0.00212,-0.818482,-0.785075
587,-0.00211,-0.785075,-0.734964
588,-0.0021,-0.751667,-0.684853
589,-0.00209,-0.701556,-0.668149
590,-0.00208,-0.634741,-0.601334
591,-0.00207,-0.58463,-0.551223
592,-0.00206,-0.551223,-0.484408
593,-0.00205,-0.501112,-0.417593
594,-0.00204,-0.417593,-0.384186
595,-0.00203,-0.350778,-0.317371
596,-0.00202,-0.283963,-0.233852
597,-0.00201,-0.233852,-0.200445
598,-0.002,-0.167037,-0.13363
599,-0.00199,-0.100222,-0.0668149
600,-0.00198,-0.0668149,-0.0334074
601,-0.00197,0.0167037,0.0668149
602,-0.00196,0.0835186,0.100222
603,-0.00195,0.13363,0.167037
604,-0.00194,0.200445,0.250556
605,-0.00193,0.26726,0.283963
606,-0.00192,0.300667,0.350778
607,-0.00191,0.367482,0.417593
608,-0.0019,0.417593,0.467704
609,-0.00189,0.484408,0.534519
610,-0.00188,0.534519,0.58463
611,-0.00187,0.601334,0.618038
612,-0.00186,0.634741,0.668149
613,-0.00185,0.668149,0.701556
614,-0.00184,0.71826,0.751667
615,-0.00183,0.751667,0.785075
616,-0.00182,0.785075,0.818482
617,-0.00181,0.818482,0.868594
618,-0.0018,0.835186,0.868594
619,-0.00179,0.868594,0.902001
620,-0.00178,0.885297,0.918705
621,-0.00177,0.885297,0.918705
622,-0.00176,0.902001,0.952112
623,-0.00175,0.918705,0.952112
624,-0.00174,0.918705,0.952112
625,-0.00173,0.918705,0.952112
626,-0.00172,0.918705,0.952112
627,-0.00171,0.918705,0.952112
628,-0.0017,0.902001,0.935408
629,-0.00169,0.885297,0.902001
630,-0.00168,0.868594,0.918705
631,-0.00167,0.835186,0.885297
632,-0.00166,0.835186,0.85189
633,-0.00165,0.785075,0.835186
634,-0.00164,0.768371,0.801779
635,-0.00163,0.734964,0.785075
636,-0.00162,0.668149,0.701556
637,-0.00161,0.634741,0.668149
638,-0.0016,0.601334,0.651445
639,-0.00159,0.567927,0.58463
640,-0.00158,0.484408,0.551223
641,-0.00157,0.434297,0.501112
642,-0.00156,0.384186,0.434297
643,-0.00155,0.334074,0.367482
644,-0.00154,0.283963,0.317371
645,-0.00153,0.200445,0.26726
646,-0.00152,0.150333,0.183741
647,-0.00151,0.100222,0.116926
648,-0.0015,0.0334074,0.0835186
649,-0.00149,-0.0501112,0
650,-0.00148,-0.100222,-0.0668149
651,-0.00147,-0.167037,-0.100222
652,-0.00146,-0.200445,-0.183741
653,-0.00145,-0.283963,-0.217148
654,-0.00144,-0.350778,-0.300667
655,-0.00143,-0.384186,-0.367482
656,-0.00142,-0.451,-0.417593
657,-0.00141,-0.534519,-0.451
658,-0.0014,-0.58463,-0.534519
659,-0.00139,-0.618038,-0.58463
660,-0.00138,-0.668149,-0.651445
661,-0.00137,-0.751667,-0.684853
662,-0.00136,-0.768371,-0.71826
663,-0.00135,-0.835186,-0.785075
664,-0.00134,-0.85189,-0.818482
665,-0.00133,-0.885297,-0.85189
666,-0.00132,-0.918705,-0.885297
667,-0.00131,-0.968816,-0.902001
668,-0.0013,-1.00222,-0.952112
669,-0.00129,-1.00222,-0.952112
670,-0.00128,-1.03563,-0.968816
671,-0.00127,-1.05233,-1.01893
672,-0.00126,-1.06904,-1.01893
673,-0.00125,-1.06904,-1.03563
674,-0.00124,-1.06904,-1.03563
675,-0.00123,-1.06904,-1.03563
676,-0.00122,-1.06904,-1.03563
677,-0.00121,-1.06904,-1.01893
678,-0.0012,-1.05233,-1.01893
679,-0.00119,-1.03563,-0.968816
680,-0.00118,-1.00222,-0.968816
681,-0.00117,-1.00222,-0.935408
682,-0.00116,-0.968816,-0.902001
683,-0.00115,-0.918705,-0.902001
684,-0.00114,-0.885297,-0.85189
685,-0.00113,-0.85189,-0.818482
686,-0.00112,-0.818482,-0.785075
687,-0.00111,-0.785075,-0.734964
688,-0.0011,-0.751667,-0.701556
689,-0.00109,-0.701556,-0.668149
690,-0.00108,-0.634741,-0.601334
691,-0.00107,-0.601334,-0.551223
692,-0.00106,-0.551223,-0.484408
693,-0.00105,-0.451,-0.417593
694,-0.00104,-0.417593,-0.384186
695,-0.00103,-0.367482,-0.317371
696,-0.00102,-0.300667,-0.26726
697,-0.00101,-0.233852,-0.183741
698,-0.001,-0.167037,-0.116926
699,-0.00099,-0.100222,-0.0835186
700,-0.00098,-0.0668149,-0.0334074
701,-0.00097,0.0334074,0.0501112
702,-0.00096,0.0668149,0.116926
703,-0.00095,0.13363,0.183741
704,-0.00094,0.200445,0.217148
705,-0.00093,0.250556,0.300667
706,-0.00092,0.317371,0.350778
707,-0.00091,0.367482,0.417593
708,-0.0009,0.417593,0.467704
709,-0.00089,0.484408,0.534519
710,-0.00088,0.551223,0.567927
711,-0.00087,0.58463,0.634741
712,-0.00086,0.618038,0.668149
713,-0.00085,0.668149,0.701556
714,-0.00084,0.71826,0.751667
715,-0.00083,0.751667,0.785075
716,-0.00082,0.785075,0.818482
717,-0.00081,0.818482,0.868594
718,-0.0008,0.835186,0.868594
719,-0.00079,0.868594,0.902001
720,-0.00078,0.885297,0.918705
721,-0.00077,0.885297,0.918705
722,-0.00076,0.902001,0.952112
723,-0.00075,0.918705,0.952112
724,-0.00074,0.918705,0.952112
725,-0.00073,0.918705,0.952112
726,-0.00072,0.918705,0.952112
727,-0.00071,0.902001,0.952112
728,-0.0007,0.902001,0.935408
729,-0.00069,0.885297,0.902001
730,-0.00068,0.868594,0.902001
731,-0.00067,0.85189,0.902001
732,-0.00066,0.818482,0.85189
733,-0.00065,0.785075,0.835186
734,-0.00064,0.751667,0.801779
735,-0.00063,0.71826,0.768371
736,-0.00062,0.668149,0.701556
737,-0.00061,0.634741,0.668149
738,-0.0006,0.601334,0.651445
739,-0.00059,0.551223,0.58463
740,-0.00058,0.517815,0.551223
741,-0.00057,0.417593,0.501112
742,-0.00056,0.384186,0.434297
743,-0.00055,0.334074,0.367482
744,-0.00054,0.283963,0.317371
745,-0.00053,0.217148,0.26726
746,-0.00052,0.150333,0.183741
747,-0.00051,0.100222,0.13363
748,-0.0005,0.0334074,0.0668149
749,-0.00049,-0.0501112,0
750,-0.00048,-0.100222,-0.0668149
751,-0.00047,-0.167037,-0.100222
752,-0.00046,-0.200445,-0.183741
753,-0.00045,-0.283963,-0.217148
754,-0.00044,-0.350778,-0.300667
755,-0.00043,-0.384186,-0.367482
756,-0.00042,-0.451,-0.400889
757,-0.00041,-0.534519,-0.467704
758,-0.0004,-0.58463,-0.534519
759,-0.00039,-0.618038,-0.58463
760,-0.00038,-0.668149,-0.651445
761,-0.00037,-0.751667,-0.684853
762,-0.00036,-0.768371,-0.71826
763,-0.00035,-0.835186,-0.801779
764,-0.00034,-0.85189,-0.818482
765,-0.00033,-0.885297,-0.835186
766,-0.00032,-0.935408,-0.902001
767,-0.00031,-0.935408,-0.902001
768,-0.0003,-1.00222,-0.935408
769,-0.00029,-1.00222,-0.968816
770,-0.00028,-1.03563,-0.968816
771,-0.00027,-1.05233,-1.01893
772,-0.00026,-1.06904,-1.01893
773,-0.00025,-1.06904,-1.03563
774,-0.00024,-1.06904,-1.03563
775,-0.00023,-1.06904,-1.03563
776,-0.00022,-1.06904,-1.03563
777,-0.00021,-1.06904,-1.01893
778,-0.0002,-1.05233,-1.01893
779,-0.00019,-1.03563,-1.00222
780,-0.00018,-1.00222,-0.952112
781,-0.00017,-1.00222,-0.952112
782,-0.00016,-0.968816,-0.918705
783,-0.00015,-0.918705,-0.885297
784,-0.00014,-0.885297,-0.85189
785,-0.00013,-0.85189,-0.818482
786,-0.00012,-0.818482,-0.785075
787,-0.00011,-0.785075,-0.734964
788,-0.0001,-0.751667,-0.701556
789,-9e-05,-0.701556,-0.668149
790,-8e-05,-0.634741,-0.601334
791,-7e-05,-0.58463,-0.551223
792,-6e-05,-0.551223,-0.484408
793,-5e-05,-0.451,-0.417593
794,-4e-05,-0.417593,-0.384186
795,-3e-05,-0.367482,-0.317371
796,-2e-05,-0.300667,-0.26726
797,-1e-05,-0.233852,-0.200445
798,0,-0.167037,-0.13363
799,1e-05,-0.100222,-0.0668149
800,2e-05,-0.0668149,-0.0334074
801,3e-05,0.0334074,0.0501112
802,4e-05,0.0668149,0.116926
803,5e-05,0.13363,0.183741
804,6e-05,0.200445,0.217148
805,7e-05,0.250556,0.300667
806,8e-05,0.317371,0.350778
807,9e-05,0.367482,0.417593
808,0.0001,0.417593,0.467704
809,0.00011,0.484408,0.534519
810,0.00012,0.534519,0.58463
811,0.00013,0.601334,0.618038
812,0.00014,0.634741,0.668149
813,0.00015,0.668149,0.701556
814,0.00016,0.71826,0.751667
815,0.00017,0.751667,0.785075
816,0.00018,0.785075,0.818482
817,0.00019,0.818482,0.868594
818,0.0002,0.835186,0.868594
819,0.00021,0.868594,0.918705
820,0.00022,0.885297,0.902001
821,0.00023,0.885297,0.935408
822,0.00024,0.918705,0.952112
823,0.00025,0.918705,0.952112
824,0.00026,0.918705,0.952112
825,0.00027,0.918705,0.952112
826,0.00028,0.918705,0.952112
827,0.00029,0.918705,0.952112
828,0.0003,0.902001,0.952112
829,0.00031,0.868594,0.902001
830,0.00032,0.885297,0.902001
831,0.00033,0.85189,0.902001
832,0.00034,0.818482,0.85189
833,0.00035,0.785075,0.835186
834,0.00036,0.751667,0.801779
835,0.00037,0.71826,0.785075
836,0.00038,0.668149,0.701556
837,0.00039,0.634741,0.668149
838,0.0004,0.601334,0.651445
839,0.00041,0.551223,0.58463
840,0.00042,0.501112,0.551223
841,0.00043,0.434297,0.501112
842,0.00044,0.384186,0.434297
843,0.00045,0.317371,0.367482
844,0.00046,0.283963,0.317371
845,0.00047,0.200445,0.250556
846,0.00048,0.150333,0.200445
847,0.00049,0.100222,0.116926
848,0.0005,0.0334074,0.0835186
849,0.00051,-0.0501112,0
850,0.00052,-0.100222,-0.0668149
851,0.00053,-0.150333,-0.100222
852,0.00054,-0.217148,-0.183741
853,0.00055,-0.300667,-0.217148
854,0.00056,-0.350778,-0.300667
855,0.00057,-0.384186,-0.367482
856,0.00058,-0.451,-0.417593
857,0.00059,-0.534519,-0.451
858,0.0006,-0.58463,-0.534519
859,0.00061,-0.634741,-0.58463
860,0.00062,-0.668149,-0.651445
861,0.00063,-0.751667,-0.684853
862,0.00064,-0.785075,-0.71826
863,0.00065,-0.818482,-0.801779
864,0.00066,-0.85189,-0.818482
865,0.00067,-0.885297,-0.835186
866,0.00068,-0.918705,-0.885297
867,0.00069,-0.968816,-0.902001
868,0.0007,-1.00222,-0.935408
869,0.00071,-1.00222,-0.968816
870,0.00072,-1.03563,-0.968816
871,0.00073,-1.05233,-1.01893
872,0.00074,-1.06904,-1.03563
873,0.00075,-1.06904,-1.03563
874,0.00076,-1.06904,-1.03563
875,0.00077,-1.06904,-1.03563
876,0.00078,-1.06904,-1.03563
877,0.00079,-1.05233,-1.01893
878,0.0008,-1.05233,-1.01893
879,0.00081,-1.03563,-1.00222
880,0.00082,-1.00222,-0.952112
881,0.00083,-1.00222,-0.935408
882,0.00084,-0.968816,-0.918705
883,0.00085,-0.918705,-0.885297
884,0.00086,-0.885297,-0.85189
885,0.00087,-0.85189,-0.818482
886,0.00088,-0.818482,-0.785075
887,0.00089,-0.785075,-0.768371
888,0.0009,-0.751667,-0.684853
889,0.00091,-0.701556,-0.668149
890,0.00092,-0.634741,-0.601334
891,0.00093,-0.58463,-0.551223
892,0.00094,-0.551223,-0.484408
893,0.00095,-0.467704,-0.417593
894,0.00096,-0.400889,-0.384186
895,0.00097,-0.367482,-0.334074
896,0.00098,-0.300667,-0.26726
897,0.00099,-0.233852,-0.200445
898,0.001,-0.167037,-0.13363
899,0.00101,-0.100222,-0.0668149
900,0.00102,-0.0668149,-0.0334074
901,0.00103,0.0334074,0.0501112
902,0.00104,0.0668149,0.116926
903,0.00105,0.13363,0.183741
904,0.00106,0.200445,0.217148
905,0.00107,0.250556,0.300667
906,0.00108,0.317371,0.350778
907,0.00109,0.367482,0.417593
908,0.0011,0.434297,0.467704
909,0.00111,0.451,0.534519
910,0.00112,0.551223,0.567927
911,0.00113,0.58463,0.634741
912,0.00114,0.618038,0.651445
913,0.00115,0.668149,0.71826
914,0.00116,0.71826,0.751667
915,0.00117,0.751667,0.785075
916,0.00118,0.785075,0.818482
917,0.00119,0.818482,0.868594
918,0.0012,0.835186,0.868594
919,0.00121,0.868594,0.902001
920,0.00122,0.885297,0.918705
921,0.00123,0.885297,0.918705
922,0.00124,0.902001,0.952112
923,0.00125,0.918705,0.952112
924,0.00126,0.918705,0.952112
925,0.00127,0.918705,0.952112
926,0.00128,0.918705,0.952112
927,0.00129,0.902001,0.952112
928,0.0013,0.902001,0.935408
929,0.00131,0.885297,0.902001
930,0.00132,0.868594,0.918705
931,0.00133,0.835186,0.885297
932,0.00134,0.835186,0.85189
933,0.00135,0.785075,0.818482
934,0.00136,0.751667,0.801779
935,0.00137,0.71826,0.768371
936,0.00138,0.668149,0.701556
937,0.00139,0.634741,0.668149
938,0.0014,0.601334,0.634741
939,0.00141,0.551223,0.601334
940,0.00142,0.517815,0.534519
941,0.00143,0.417593,0.467704
942,0.00144,0.384186,0.434297
943,0.00145,0.317371,0.367482
944,0.00146,0.283963,0.317371
945,0.00147,0.200445,0.26726
946,0.00148,0.150333,0.183741
947,0.00149,0.100222,0.116926
948,0.0015,0.0334074,0.0835186
949,0.00151,-0.0501112,0
950,0.00152,-0.100222,-0.0668149
951,0.00153,-0.150333,-0.100222
952,0.00154,-0.217148,-0.183741
953,0.00155,-0.283963,-0.217148
954,0.00156,-0.350778,-0.317371
955,0.00157,-0.384186,-0.367482
956,0.00158,-0.451,-0.417593
957,0.00159,-0.534519,-0.451
958,0.0016,-0.58463,-0.534519
959,0.00161,-0.618038,-0.58463
960,0.00162,-0.668149,-0.651445
961,0.00163,-0.751667,-0.684853
962,0.00164,-0.768371,-0.71826
963,0.00165,-0.835186,-0.785075
964,0.00166,-0.85189,-0.818482
965,0.00167,-0.885297,-0.835186
966,0.00168,-0.918705,-0.868594
967,0.00169,-0.968816,-0.902001
968,0.0017,-1.00222,-0.935408
969,0.00171,-1.00222,-0.968816
970,0.00172,-1.03563,-0.968816
971,0.00173,-1.05233,-1.01893
972,0.00174,-1.06904,-1.03563
973,0.00175,-1.06904,-1.03563
974,0.00176,-1.06904,-1.03563
975,0.00177,-1.06904,-1.03563
976,0.00178,-1.06904,-1.03563
977,0.00179,-1.06904,-1.01893
978,0.0018,-1.05233,-1.01893
979,0.00181,-1.03563,-0.968816
980,0.00182,-1.00222,-0.968816
981,0.00183,-1.00222,-0.935408
982,0.00184,-0.968816,-0.902001
983,0.00185,-0.918705,-0.902001
984,0.00186,-0.885297,-0.85189
985,0.00187,-0.85189,-0.818482
986,0.00188,-0.818482,-0.785075
987,0.00189,-0.785075,-0.768371
988,0.0019,-0.751667,-0.684853
989,0.00191,-0.701556,-0.668149
990,0.00192,-0.634741,-0.601334
991,0.00193,-0.601334,-0.551223
992,0.00194,-0.551223,-0.484408
993,0.00195,-0.467704,-0.417593
994,0.00196,-0.400889,-0.384186
995,0.00197,-0.367482,-0.317371
996,0.00198,-0.283963,-0.233852
997,0.00199,-0.233852,-0.200445
998,0.002,-0.167037,-0.13363
999,0.00201,-0.100222,-0.0668149
1000,0.00202,-0.0668149,-0.0334074
1001,0.00203,0.0334074,0.0501112
1002,0.00204,0.0668149,0.116926
1003,0.00205,0.13363,0.183741
1004,0.00206,0.200445,0.217148
1005,0.00207,0.26726,0.300667
1006,0.00208,0.300667,0.367482
1007,0.00209,0.367482,0.417593
1008,0.0021,0.417593,0.467704
1009,0.00211,0.484408,0.534519
1010,0.00212,0.534519,0.58463
1011,0.00213,0.601334,0.618038
1012,0.00214,0.618038,0.668149
1013,0.00215,0.684853,0.701556
1014,0.00216,0.71826,0.751667
1015,0.00217,0.751667,0.785075
1016,0.00218,0.785075,0.818482
1017,0.00219,0.818482,0.868594
1018,0.0022,0.835186,0.868594
1019,0.00221,0.868594,0.902001
1020,0.00222,0.885297,0.918705
1021,0.00223,0.885297,0.935408
1022,0.00224,0.902001,0.952112
1023,0.00225,0.918705,0.952112
1024,0.00226,0.918705,0.952112
1025,0.00227,0.918705,0.952112
1026,0.00228,0.918705,0.952112
1027,0.00229,0.918705,0.952112
1028,0.0023,0.902001,0.935408
1029,0.00231,0.885297,0.902001
1030,0.00232,0.868594,0.918705
1031,0.00233,0.85189,0.885297
1032,0.00234,0.818482,0.85189
1033,0.00235,0.785075,0.835186
1034,0.00236,0.751667,0.801779
1035,0.00237,0.734964,0.768371
1036,0.00238,0.668149,0.71826
1037,0.00239,0.634741,0.668149
1038,0.0024,0.601334,0.651445
1039,0.00241,0.551223,0.58463
1040,0.00242,0.501112,0.551223
1041,0.00243,0.434297,0.467704
1042,0.00244,0.384186,0.434297
1043,0.00245,0.317371,0.367482
1044,0.00246,0.283963,0.317371
1045,0.00247,0.200445,0.250556
1046,0.00248,0.150333,0.200445
1047,0.00249,0.100222,0.13363
1048,0.0025,0.0334074,0.0668149
1049,0.00251,-0.0501112,0
1050,0.00252,-0.100222,-0.0668149
1051,0.00253,-0.150333,-0.100222
1052,0.00254,-0.217148,-0.183741
1053,0.00255,-0.283963,-0.217148
1054,0.00256,-0.350778,-0.300667
1055,0.00257,-0.384186,-0.367482
1056,0.00258,-0.451,-0.400889
1057,0.00259,-0.534519,-0.467704
1058,0.0026,-0.58463,-0.534519
1059,0.00261,-0.634741,-0.58463
1060,0.00262,-0.668149,-0.651445
1061,0.00263,-0.751667,-0.684853
1062,0.00264,-0.768371,-0.71826
1063,0.00265,-0.835186,-0.785075
1064,0.00266,-0.85189,-0.818482
1065,0.00267,-0.885297,-0.85189
1066,0.00268,-0.918705,-0.885297
1067,0.00269,-0.968816,-0.902001
1068,0.0027,-1.00222,-0.935408
1069,0.00271,-1.00222,-0.968816
1070,0.00272,-1.03563,-0.968816
1071,0.00273,-1.05233,-1.01893
1072,0.00274,-1.06904,-1.01893
1073,0.00275,-1.06904,-1.03563
1074,0.00276,-1.06904,-1.03563
1075,0.00277,-1.06904,-1.03563
1076,0.00278,-1.06904,-1.03563
1077,0.00279,-1.05233,-1.00222
1078,0.0028,-1.05233,-1.01893
1079,0.00281,-1.03563,-1.00222
1080,0.00282,-1.00222,-0.952112
1081,0.00283,-1.00222,-0.952112
1082,0.00284,-0.968816,-0.902001
1083,0.00285,-0.918705,-0.902001
1084,0.00286,-0.885297,-0.85189
1085,0.00287,-0.85189,-0.818482
1086,0.00288,-0.818482,-0.785075
1087,0.00289,-0.785075,-0.768371
1088,0.0029,-0.751667,-0.684853
1089,0.00291,-0.701556,-0.668149
1090,0.00292,-0.634741,-0.601334
1091,0.00293,-0.601334,-0.551223
1092,0.00294,-0.551223,-0.484408
1093,0.00295,-0.467704,-0.417593
1094,0.00296,-0.400889,-0.384186
1095,0.00297,-0.367482,-0.334074
1096,0.00298,-0.300667,-0.233852
1097,0.00299,-0.233852,-0.200445
1098,0.003,-0.167037,-0.13363
1099,0.00301,-0.100222,-0.0668149
1100,0.00302,-0.0668149,-0.0334074
1101,0.00303,0.0334074,0.0501112
1102,0.00304,0.0668149,0.116926
1103,0.00305,0.150333,0.183741
1104,0.00306,0.200445,0.217148
1105,0.00307,0.250556,0.300667
1106,0.00308,0.317371,0.350778
1107,0.00309,0.367482,0.417593
1108,0.0031,0.417593,0.467704
1109,0.00311,0.484408,0.534519
1110,0.00312,0.534519,0.567927
1111,0.00313,0.601334,0.634741
1112,0.00314,0.618038,0.668149
1113,0.00315,0.684853,0.701556
1114,0.00316,0.71826,0.751667
1115,0.00317,0.751667,0.785075
1116,0.00318,0.785075,0.818482
1117,0.00319,0.818482,0.85189
1118,0.0032,0.835186,0.868594
1119,0.00321,0.868594,0.902001
1120,0.00322,0.885297,0.918705
1121,0.00323,0.885297,0.935408
1122,0.00324,0.902001,0.952112
1123,0.00325,0.918705,0.952112
1124,0.00326,0.918705,0.952112
1125,0.00327,0.918705,0.952112
1126,0.00328,0.918705,0.952112
1127,0.00329,0.902001,0.952112
1128,0.0033,0.902001,0.935408
1129,0.00331,0.885297,0.902001
1130,0.00332,0.868594,0.918705
1131,0.00333,0.835186,0.885297
1132,0.00334,0.835186,0.85189
1133,0.00335,0.785075,0.835186
1134,0.00336,0.751667,0.801779
1135,0.00337,0.71826,0.768371
1136,0.00338,0.668149,0.701556
1137,0.00339,0.634741,0.668149
1138,0.0034,0.601334,0.634741
1139,0.00341,0.551223,0.58463
1140,0.00342,0.501112,0.551223
1141,0.00343,0.434297,0.501112
1142,0.00344,0.384186,0.417593
1143,0.00345,0.334074,0.367482
1144,0.00346,0.283963,0.300667
1145,0.00347,0.217148,0.26726
1146,0.00348,0.150333,0.183741
1147,0.00349,0.100222,0.13363
1148,0.0035,0.0334074,0.0668149
1149,0.00351,-0.0501112,0
1150,0.00352,-0.100222,-0.0668149
1151,0.00353,-0.150333,-0.100222
1152,0.00354,-0.217148,-0.167037
1153,0.00355,-0.300667,-0.233852
1154,0.00356,-0.350778,-0.317371
1155,0.00357,-0.384186,-0.350778
1156,0.00358,-0.451,-0.417593
1157,0.00359,-0.534519,-0.467704
1158,0.0036,-0.58463,-0.534519
1159,0.00361,-0.618038,-0.58463
1160,0.00362,-0.668149,-0.651445
1161,0.00363,-0.751667,-0.684853
1162,0.00364,-0.785075,-0.71826
1163,0.00365,-0.818482,-0.801779
1164,0.00366,-0.85189,-0.818482
1165,0.00367,-0.885297,-0.85189
1166,0.00368,-0.918705,-0.885297
1167,0.00369,-0.968816,-0.902001
1168,0.0037,-1.00222,-0.952112
1169,0.00371,-1.00222,-0.952112
1170,0.00372,-1.03563,-0.968816
1171,0.00373,-1.05233,-1.01893
1172,0.00374,-1.05233,-1.01893
1173,0.00375,-1.06904,-1.03563
1174,0.00376,-1.06904,-1.03563
1175,0.00377,-1.06904,-1.03563
1176,0.00378,-1.06904,-1.03563
1177,0.00379,-1.05233,-1.01893
1178,0.0038,-1.05233,-1.01893
1179,0.00381,-1.03563,-1.00222
1180,0.00382,-1.00222,-0.952112
1181,0.00383,-1.00222,-0.952112
1182,0.00384,-0.968816,-0.902001
1183,0.00385,-0.918705,-0.902001
1184,0.00386,-0.885297,-0.85189
1185,0.00387,-0.85189,-0.818482
1186,0.00388,-0.818482,-0.785075
1187,0.00389,-0.785075,-0.734964
1188,0.0039,-0.751667,-0.701556
1189,0.00391,-0.701556,-0.668149
1190,0.00392,-0.634741,-0.601334
1191,0.00393,-0.601334,-0.551223
1192,0.00394,-0.551223,-0.484408
1193,0.00395,-0.467704,-0.417593
1194,0.00396,-0.400889,-0.384186
1195,0.00397,-0.367482,-0.317371
1196,0.00398,-0.300667,-0.233852
1197,0.00399,-0.233852,-0.200445
1198,0.004,-0.167037,-0.13363
1199,0.00401,-0.100222,-0.0668149
1200,0.00402,-0.0668149,-0.0334074
1201,0.00403,0.0334074,0.0501112
1202,0.00404,0.0668149,0.116926
1203,0.00405,0.150333,0.183741
1204,0.00406,0.200445,0.217148
1205,0.00407,0.250556,0.300667
1206,0.00408,0.317371,0.367482
1207,0.00409,0.367482,0.417593
1208,0.0041,0.417593,0.467704
1209,0.00411,0.484408,0.534519
1210,0.00412,0.534519,0.567927
1211,0.00413,0.601334,0.634741
1212,0.00414,0.618038,0.668149
1213,0.00415,0.684853,0.701556
1214,0.00416,0.71826,0.751667
1215,0.00417,0.751667,0.785075
1216,0.00418,0.785075,0.818482
1217,0.00419,0.818482,0.868594
1218,0.0042,0.835186,0.868594
1219,0.00421,0.868594,0.902001
1220,0.00422,0.885297,0.918705
1221,0.00423,0.902001,0.935408
1222,0.00424,0.918705,0.952112
1223,0.00425,0.918705,0.952112
1224,0.00426,0.918705,0.952112
1225,0.00427,0.918705,0.952112
1226,0.00428,0.918705,0.952112
1227,0.00429,0.918705,0.952112
1228,0.0043,0.902001,0.935408
1229,0.00431,0.885297,0.902001
1230,0.00432,0.868594,0.902001
1231,0.00433,0.85189,0.902001
1232,0.00434,0.818482,0.85189
1233,0.00435,0.785075,0.835186
1234,0.00436,0.768371,0.801779
1235,0.00437,0.71826,0.785075
1236,0.00438,0.668149,0.701556
1237,0.00439,0.634741,0.668149
1238,0.0044,0.601334,0.634741
1239,0.00441,0.551223,0.58463
1240,0.00442,0.501112,0.551223
1241,0.00443,0.434297,0.501112
1242,0.00444,0.384186,0.434297
1243,0.00445,0.334074,0.367482
1244,0.00446,0.283963,0.300667
1245,0.00447,0.217148,0.26726
1246,0.00448,0.13363,0.200445
1247,0.00449,0.100222,0.116926
1248,0.0045,0.0334074,0.0835186
1249,0.00451,-0.0501112,0
1250,0.00452,-0.100222,-0.0668149
1251,0.00453,-0.167037,-0.100222
1252,0.00454,-0.200445,-0.183741
1253,0.00455,-0.300667,-0.217148
1254,0.00456,-0.350778,-0.300667
1255,0.00457,-0.384186,-0.367482
1256,0.00458,-0.451,-0.400889
1257,0.00459,-0.534519,-0.467704
1258,0.0046,-0.58463,-0.534519
1259,0.00461,-0.634741,-0.601334
1260,0.00462,-0.668149,-0.634741
1261,0.00463,-0.751667,-0.668149
1262,0.00464,-0.785075,-0.734964
1263,0.00465,-0.818482,-0.785075
1264,0.00466,-0.85189,-0.818482
1265,0.00467,-0.885297,-0.85189
1266,0.00468,-0.935408,-0.885297
1267,0.00469,-0.935408,-0.902001
1268,0.0047,-1.00222,-0.935408
1269,0.00471,-1.00222,-0.968816
1270,0.00472,-1.03563,-0.968816
1271,0.00473,-1.05233,-1.01893
1272,0.00474,-1.05233,-1.01893
1273,0.00475,-1.06904,-1.03563
1274,0.00476,-1.06904,-1.03563
1275,0.00477,-1.06904,-1.03563
1276,0.00478,-1.06904,-1.03563
1277,0.00479,-1.05233,-1.00222
1278,0.0048,-1.05233,-1.01893
1279,0.00481,-1.03563,-1.00222
1280,0.00482,-1.00222,-0.952112
1281,0.00483,-0.98552,-0.935408
1282,0.00484,-0.98552,-0.902001
1283,0.00485,-0.918705,-0.902001
1284,0.00486,-0.885297,-0.85189
1285,0.00487,-0.85189,-0.818482
1286,0.00488,-0.818482,-0.785075
1287,0.00489,-0.785075,-0.768371
1288,0.0049,-0.751667,-0.684853
1289,0.00491,-0.701556,-0.668149
1290,0.00492,-0.634741,-0.601334
1291,0.00493,-0.58463,-0.551223
1292,0.00494,-0.551223,-0.484408
1293,0.00495,-0.451,-0.417593
1294,0.00496,-0.417593,-0.384186
1295,0.00497,-0.367482,-0.317371
1296,0.00498,-0.300667,-0.233852
1297,0.00499,-0.233852,-0.200445
1298,0.005,-0.167037,-0.116926
1299,0.00501,-0.100222,-0.0835186
1300,0.00502,-0.0668149,-0.0334074
1301,0.00503,0.0167037,0.0501112
1302,0.00504,0.0835186,0.116926
1303,0.00505,0.13363,0.183741
1304,0.00506,0.200445,0.250556
1305,0.00507,0.250556,0.283963
1306,0.00508,0.317371,0.350778
1307,0.00509,0.367482,0.417593
1308,0.0051,0.417593,0.467704
1309,0.00511,0.484408,0.534519
1310,0.00512,0.534519,0.567927
1311,0.00513,0.601334,0.634741
1312,0.00514,0.634741,0.668149
1313,0.00515,0.668149,0.701556
1314,0.00516,0.71826,0.751667
1315,0.00517,0.751667,0.785075
1316,0.00518,0.785075,0.818482
1317,0.00519,0.818482,0.868594
1318,0.0052,0.835186,0.868594
1319,0.00521,0.868594,0.902001
1320,0.00522,0.885297,0.918705
1321,0.00523,0.885297,0.918705
1322,0.00524,0.918705,0.952112
1323,0.00525,0.918705,0.952112
1324,0.00526,0.918705,0.952112
1325,0.00527,0.918705,0.952112
1326,0.00528,0.918705,0.952112
1327,0.00529,0.918705,0.952112
1328,0.0053,0.902001,0.935408
1329,0.00531,0.885297,0.902001
1330,0.00532,0.868594,0.918705
1331,0.00533,0.85189,0.885297
1332,0.00534,0.818482,0.85189
1333,0.00535,0.785075,0.835186
1334,0.00536,0.751667,0.801779
1335,0.00537,0.71826,0.768371
1336,0.00538,0.668149,0.701556
1337,0.00539,0.634741,0.668149
1338,0.0054,0.601334,0.634741
1339,0.00541,0.551223,0.601334
1340,0.00542,0.501112,0.534519
1341,0.00543,0.434297,0.467704
1342,0.00544,0.384186,0.417593
1343,0.00545,0.334074,0.367482
1344,0.00546,0.283963,0.300667
1345,0.00547,0.217148,0.26726
1346,0.00548,0.13363,0.183741
1347,0.00549,0.100222,0.116926
1348,0.0055,0.0334074,0.0835186
1349,0.00551,-0.0501112,0
1350,0.00552,-0.100222,-0.0668149
1351,0.00553,-0.167037,-0.100222
1352,0.00554,-0.200445,-0.183741
1353,0.00555,-0.300667,-0.217148
1354,0.00556,-0.350778,-0.317371
1355,0.00557,-0.384186,-0.367482
1356,0.00558,-0.451,-0.400889
1357,0.00559,-0.534519,-0.467704
1358,0.0056,-0.58463,-0.534519
1359,0.00561,-0.618038,-0.58463
1360,0.00562,-0.668149,-0.651445
1361,0.00563,-0.751667,-0.684853
1362,0.00564,-0.768371,-0.71826
1363,0.00565,-0.835186,-0.801779
1364,0.00566,-0.85189,-0.818482
1365,0.00567,-0.885297,-0.85189
1366,0.00568,-0.935408,-0.902001
1367,0.00569,-0.935408,-0.902001
1368,0.0057,-1.00222,-0.935408
1369,0.00571,-1.00222,-0.968816
1370,0.00572,-1.03563,-0.968816
1371,0.00573,-1.05233,-1.01893
1372,0.00574,-1.05233,-1.01893
1373,0.00575,-1.06904,-1.03563
1374,0.00576,-1.06904,-1.03563
1375,0.00577,-1.06904,-1.03563
1376,0.00578,-1.06904,-1.03563
1377,0.00579,-1.05233,-1.00222
1378,0.0058,-1.05233,-1.01893
1379,0.00581,-1.03563,-0.968816
1380,0.00582,-1.00222,-0.968816
1381,0.00583,-1.00222,-0.935408
1382,0.00584,-0.968816,-0.902001
1383,0.00585,-0.918705,-0.902001
1384,0.00586,-0.885297,-0.85189
1385,0.00587,-0.85189,-0.818482
1386,0.00588,-0.818482,-0.785075
1387,0.00589,-0.785075,-0.768371
1388,0.0059,-0.751667,-0.684853
1389,0.00591,-0.701556,-0.668149
1390,0.00592,-0.634741,-0.601334
1391,0.00593,-0.601334,-0.551223
1392,0.00594,-0.551223,-0.484408
1393,0.00595,-0.467704,-0.417593
1394,0.00596,-0.400889,-0.384186
1395,0.00597,-0.367482,-0.317371
1396,0.00598,-0.300667,-0.26726
1397,0.00599,-0.233852,-0.200445
1398,0.006,-0.167037,-0.13363
1399,0.00601,-0.100222,-0.0668149
1400,0.00602,-0.0668149,-0.0334074
1401,0.00603,0.0334074,0.0501112
1402,0.00604,0.0668149,0.116926
1403,0.00605,0.150333,0.183741
1404,0.00606,0.183741,0.217148
1405,0.00607,0.26726,0.300667
1406,0.00608,0.317371,0.350778
1407,0.00609,0.367482,0.417593
1408,0.0061,0.417593,0.467704
1409,0.00611,0.484408,0.534519
1410,0.00612,0.551223,0.567927
1411,0.00613,0.58463,0.634741
1412,0.00614,0.618038,0.668149
1413,0.00615,0.668149,0.701556
1414,0.00616,0.71826,0.751667
1415,0.00617,0.751667,0.785075
1416,0.00618,0.785075,0.818482
1417,0.00619,0.818482,0.868594
1418,0.0062,0.85189,0.868594
1419,0.00621,0.85189,0.902001
1420,0.00622,0.885297,0.918705
1421,0.00623,0.885297,0.935408
1422,0.00624,0.902001,0.952112
1423,0.00625,0.918705,0.952112
1424,0.00626,0.918705,0.952112
1425,0.00627,0.918705,0.952112
1426,0.00628,0.918705,0.952112
1427,0.00629,0.918705,0.952112
1428,0.0063,0.902001,0.935408
1429,0.00631,0.885297,0.902001
1430,0.00632,0.868594,0.902001
1431,0.00633,0.85189,0.902001
1432,0.00634,0.818482,0.85189
1433,0.00635,0.785075,0.835186
1434,0.00636,0.751667,0.801779
1435,0.00637,0.71826,0.785075
1436,0.00638,0.668149,0.701556
1437,0.00639,0.634741,0.668149
1438,0.0064,0.601334,0.651445
1439,0.00641,0.551223,0.58463
1440,0.00642,0.501112,0.551223
1441,0.00643,0.434297,0.467704
1442,0.00644,0.384186,0.434297
1443,0.00645,0.317371,0.384186
1444,0.00646,0.283963,0.317371
1445,0.00647,0.200445,0.26726
1446,0.00648,0.13363,0.183741
1447,0.00649,0.100222,0.13363
1448,0.0065,0.0334074,0.0668149
1449,0.00651,-0.0501112,0
1450,0.00652,-0.100222,-0.0668149
1451,0.00653,-0.150333,-0.100222
1452,0.00654,-0.217148,-0.183741
1453,0.00655,-0.300667,-0.217148
1454,0.00656,-0.350778,-0.300667
1455,0.00657,-0.384186,-0.367482
1456,0.00658,-0.451,-0.400889
1457,0.00659,-0.534519,-0.467704
1458,0.0066,-0.58463,-0.534519
1459,0.00661,-0.618038,-0.58463
1460,0.00662,-0.668149,-0.651445
1461,0.00663,-0.751667,-0.684853
1462,0.00664,-0.768371,-0.71826
1463,0.00665,-0.835186,-0.801779
1464,0.00666,-0.85189,-0.818482
1465,0.00667,-0.885297,-0.85189
1466,0.00668,-0.918705,-0.902001
1467,0.00669,-0.968816,-0.902001
1468,0.0067,-0.98552,-0.952112
1469,0.00671,-1.01893,-0.952112
1470,0.00672,-1.03563,-0.968816
1471,0.00673,-1.05233,-1.01893
1472,0.00674,-1.06904,-1.01893
1473,0.00675,-1.06904,-1.03563
1474,0.00676,-1.06904,-1.03563
1475,0.00677,-1.06904,-1.03563
1476,0.00678,-1.06904,-1.03563
1477,0.00679,-1.05233,-1.01893
1478,0.0068,-1.05233,-1.01893
1479,0.00681,-1.03563,-0.968816
1480,0.00682,-1.00222,-0.952112
1481,0.00683,-1.00222,-0.952112
1482,0.00684,-0.968816,-0.902001
1483,0.00685,-0.918705,-0.902001
1484,0.00686,-0.885297,-0.85189
1485,0.00687,-0.85189,-0.818482
1486,0.00688,-0.818482,-0.785075
1487,0.00689,-0.785075,-0.768371
1488,0.0069,-0.751667,-0.684853
1489,0.00691,-0.701556,-0.668149
1490,0.00692,-0.634741,-0.601334
1491,0.00693,-0.58463,-0.551223
1492,0.00694,-0.551223,-0.484408
1493,0.00695,-0.451,-0.417593
1494,0.00696,-0.417593,-0.384186
1495,0.00697,-0.367482,-0.317371
1496,0.00698,-0.300667,-0.233852
1497,0.00699,-0.233852,-0.200445
1498,0.007,-0.167037,-0.116926
1499,0.00701,-0.100222,-0.0835186
1500,0.00702,-0.0668149,-0.0334074
1501,0.00703,0.0334074,0.0501112
1502,0.00704,0.0668149,0.116926
1503,0.00705,0.150333,0.183741
1504,0.00706,0.200445,0.217148
1505,0.00707,0.250556,0.300667
1506,0.00708,0.317371,0.350778
1507,0.00709,0.367482,0.417593
1508,0.0071,0.417593,0.467704
1509,0.00711,0.484408,0.534519
1510,0.00712,0.534519,0.567927
1511,0.00713,0.601334,0.634741
1512,0.00714,0.618038,0.668149
1513,0.00715,0.668149,0.701556
1514,0.00716,0.71826,0.751667
1515,0.00717,0.751667,0.785075
1516,0.00718,0.785075,0.818482
1517,0.00719,0.818482,0.868594
1518,0.0072,0.835186,0.868594
1519,0.00721,0.868594,0.902001
1520,0.00722,0.885297,0.918705
1521,0.00723,0.885297,0.935408
1522,0.00724,0.902001,0.952112
1523,0.00725,0.918705,0.952112
1524,0.00726,0.918705,0.952112
1525,0.00727,0.918705,0.952112
1526,0.00728,0.918705,0.952112
1527,0.00729,0.918705,0.952112
1528,0.0073,0.902001,0.935408
1529,0.00731,0.885297,0.902001
1530,0.00732,0.868594,0.902001
1531,0.00733,0.835186,0.902001
1532,0.00734,0.835186,0.85189
1533,0.00735,0.785075,0.835186
1534,0.00736,0.751667,0.801779
1535,0.00737,0.71826,0.785075
1536,0.00738,0.668149,0.701556
1537,0.00739,0.634741,0.668149
1538,0.0074,0.601334,0.651445
1539,0.00741,0.551223,0.58463
1540,0.00742,0.517815,0.551223
1541,0.00743,0.434297,0.501112
1542,0.00744,0.384186,0.434297
1543,0.00745,0.317371,0.367482
1544,0.00746,0.283963,0.317371
1545,0.00747,0.200445,0.250556
1546,0.00748,0.150333,0.200445
1547,0.00749,0.100222,0.13363
1548,0.0075,0.0334074,0.0668149
1549,0.00751,-0.0501112,0
1550,0.00752,-0.100222,-0.0668149
1551,0.00753,-0.150333,-0.100222
1552,0.00754,-0.217148,-0.183741
1553,0.00755,-0.283963,-0.217148
1554,0.00756,-0.350778,-0.300667
1555,0.00757,-0.384186,-0.367482
1556,0.00758,-0.451,-0.417593
1557,0.00759,-0.534519,-0.451
1558,0.0076,-0.58463,-0.534519
1559,0.00761,-0.634741,-0.58463
1560,0.00762,-0.668149,-0.651445
1561,0.00763,-0.751667,-0.684853
1562,0.00764,-0.768371,-0.71826
1563,0.00765,-0.835186,-0.785075
1564,0.00766,-0.85189,-0.818482
1565,0.00767,-0.885297,-0.868594
1566,0.00768,-0.918705,-0.868594
1567,0.00769,-0.968816,-0.902001
1568,0.0077,-1.00222,-0.952112
1569,0.00771,-1.00222,-0.952112
1570,0.00772,-1.03563,-0.968816
1571,0.00773,-1.05233,-1.01893
1572,0.00774,-1.05233,-1.01893
1573,0.00775,-1.06904,-1.03563
1574,0.00776,-1.06904,-1.03563
1575,0.00777,-1.06904,-1.03563
1576,0.00778,-1.06904,-1.03563
1577,0.00779,-1.05233,-1.00222
1578,0.0078,-1.05233,-1.01893
1579,0.00781,-1.05233,-0.968816
1580,0.00782,-1.00222,-0.968816
1581,0.00783,-1.00222,-0.935408
1582,0.00784,-0.968816,-0.902001
1583,0.00785,-0.918705,-0.902001
1584,0.00786,-0.885297,-0.85189
1585,0.00787,-0.85189,-0.818482
1586,0.00788,-0.818482,-0.785075
1587,0.00789,-0.785075,-0.768371
1588,0.0079,-0.751667,-0.684853
1589,0.00791,-0.701556,-0.668149
1590,0.00792,-0.634741,-0.601334
1591,0.00793,-0.601334,-0.551223
1592,0.00794,-0.551223,-0.484408
1593,0.00795,-0.467704,-0.417593
1594,0.00796,-0.400889,-0.384186
1595,0.00797,-0.367482,-0.334074
1596,0.00798,-0.300667,-0.26726
1597,0.00799,-0.233852,-0.200445
1598,0.008,-0.167037,-0.13363
1599,0.00801,-0.100222,-0.0668149
